Team,Year,Player Name,,,Team,Year,Player Name
Afghanistan,2025,Hashmatullah Shahidi,,,Afghanistan,1998,Aamer Sohail
Afghanistan,2025,Ibrahim Zadran,,,Australia,2000,Aaron Finch
Afghanistan,2025,Ikram Alikhil,,,Bangladesh,2002,Aaron Hardie
Afghanistan,2025,Rahmanullah Gurbaz,,,England,2004,Aaron Phangiso
Afghanistan,2025,Sediqullah Atal,,,India,2006,Aaron Redmond
Afghanistan,2025,Rahmat Shah,,,Kenya,2009,AB de Villiers
Afghanistan,2025,Azmatullah Omarzai,,,Netherlands,2013,Abdul Razzaq
Afghanistan,2025,Gulbadin Naib,,,New Zealand,2017,Abdur Razzak
Afghanistan,2025,Mohammed Nabi,,,Pakistan,2025,Abdur Rehman
Afghanistan,2025,Nangeyalia Kharote,,,South Africa,,Abhishek Nayar
Afghanistan,2025,Rashid Khan,,,Sri Lanka,,Abrar Ahmed
Afghanistan,2025,Fareed Ahmad,,,U.S.A.,,Adam Gilchrist
Afghanistan,2025,Fazalhaq Farooqi,,,West Indies,,Adam Hollioake
Afghanistan,2025,Naveed Zadran,,,Zimbabwe,,Adam Milne
Afghanistan,2025,Noor Ahmad,,,,,Adam Parore
Australia,1998,Mark Waugh,,,,,Adam Voges
Australia,1998,Adam Gilchrist,,,,,Adam Zampa
Australia,1998,Ricky Ponting,,,,,Adeel Raja
Australia,1998,Brendon Julian,,,,,Adil Rashid
Australia,1998,Darren Lehmann,,,,,Aftab Ahmed
Australia,1998,Steve Waugh,,,,,Ahmed Shehzad
Australia,1998,Michael Bevan,,,,,Aiden Markram
Australia,1998,Damien Martyn,,,,,Aijaz Ali
Australia,1998,Brad Young,,,,,Ajantha Mendis
Australia,1998,Michael Kasprowicz,,,,,Ajay Jadeja
Australia,1998,Damien Fleming,,,,,Ajinkya Rahane
Australia,2000,Steve Waugh,,,,,Ajit Agarkar
Australia,2000,Adam Gilchrist,,,,,Akhtar Sarfraz
Australia,2000,Michael Bevan,,,,,Akram Khan
Australia,2000,Damien Martyn,,,,,Al Sahariar
Australia,2000,Ricky Ponting,,,,,Alan Dawson
Australia,2000,Ian Harvey,,,,,Alastair Cook
Australia,2000,Shane Lee,,,,,Albie Morkel
Australia,2000,Andrew Symonds,,,,,Alec Stewart
Australia,2000,Mark Waugh,,,,,Alex Carey
Australia,2000,Jason Gillespie,,,,,Alex Hales
Australia,2000,Brett Lee,,,,,Alex Tait
Australia,2000,Glenn McGrath,,,,,Alex Wharf
Australia,2000,Brad Young,,,,,Ali Brown
Australia,2000,Mark Higgs,,,,,Alistair Campbell
Australia,2002,Adam Gilchrist,,,,,Allan Donald
Australia,2002,Matthew Hayden,,,,,Alok Kapali
Australia,2002,Ricky Ponting,,,,,Alviro Petersen
Australia,2002,Jimmy Maher,,,,,Aminul Islam
Australia,2002,Damien Martyn,,,,,Amit Mishra
Australia,2002,Darren Lehmann,,,,,Andile Phehlukwayo
Australia,2002,Michael Bevan,,,,,Andre Fletcher
Australia,2002,Shane Watson,,,,,Andre Nel
Australia,2002,Shane Warne,,,,,Andrew Flintoff
Australia,2002,Brett Lee,,,,,Andrew Hall
Australia,2002,Jason Gillespie,,,,,Andrew Strauss
Australia,2002,Glenn McGrath,,,,,Andrew Symonds
Australia,2004,Adam Gilchrist,,,,,Andy Caddick
Australia,2004,Matthew Hayden,,,,,Andy Flower
Australia,2004,Ricky Ponting,,,,,Andy Whittall
Australia,2004,Shane Watson,,,,,Angelo Mathews
Australia,2004,Darren Lehmann,,,,,Anil Kumble
Australia,2004,Andrew Symonds,,,,,Anthony Ireland
Australia,2004,Damien Martyn,,,,,Aravinda de Silva
Australia,2004,Michael Clarke,,,,,Arjuna Ranatunga
Australia,2004,Michael Kasprowicz,,,,,Arshad Khan
Australia,2004,Brett Lee,,,,,Arshdeep Singh
Australia,2004,Jason Gillespie,,,,,Asad Ali
Australia,2004,Glenn McGrath,,,,,Asad Shafiq
Australia,2006,Adam Gilchrist,,,,,Asela Gunaratne
Australia,2006,Shane Watson,,,,,Ashish Nehra
Australia,2006,Ricky Ponting,,,,,Ashley Giles
Australia,2006,Damien Martyn,,,,,Avishka Gunawardene
Australia,2006,Andrew Symonds,,,,,Axar Patel
Australia,2006,Michael Clarke,,,,,Azeemul Haniff
Australia,2006,Michael Hussey,,,,,Azhar Ali
Australia,2006,Brad Hogg,,,,,Azhar Mahmood
Australia,2006,Brett Lee,,,,,Azmatullah Omarzai
Australia,2006,Nathan Bracken,,,,,Babar Azam
Australia,2006,Glenn McGrath,,,,,Bas Zuiderent
Australia,2006,Mitchell Johnson,,,,,Ben Duckett
Australia,2009,Ricky Ponting,,,,,Ben Dwarshuis
Australia,2009,Callum Ferguson,,,,,Ben Hilfenhaus
Australia,2009,Michael Hussey,,,,,Ben Stokes
Australia,2009,Tim Paine,,,,,Bhuvneshwar Kumar
Australia,2009,Adam Voges,,,,,Boeta Dippenaar
Australia,2009,Cameron White,,,,,Brad Hogg
Australia,2009,James Hopes,,,,,Brad Young
Australia,2009,David Hussey,,,,,Brendan Taylor
Australia,2009,Shane Watson,,,,,Brendon Diamanti
Australia,2009,Doug Bollinger,,,,,Brendon Julian
Australia,2009,Nathan Hauritz,,,,,Brendon McCullum
Australia,2009,Ben Hilfenhaus,,,,,Brett Lee
Australia,2009,Mitchell Johnson,,,,,Brian Lara
Australia,2009,Brett Lee,,,,,Brijal Patel
Australia,2009,Peter Siddle,,,,,Callum Ferguson
Australia,2013,Michael Clarke,,,,,Cameron White
Australia,2013,George Bailey,,,,,Carl Hooper
Australia,2013,Phillip Hughes,,,,,Carlton Baugh
Australia,2013,Adam Voges,,,,,Chadwick Walton
Australia,2013,Matthew Wade,,,,,Chamara Kapugedera
Australia,2013,David Warner,,,,,Chaminda Vaas
Australia,2013,Nathan Coulter-Nile,,,,,Chamu Chibhabha
Australia,2013,James Faulkner,,,,,Charl Langeveldt
Australia,2013,Mitchell Marsh,,,,,Chris Cairns
Australia,2013,Glenn Maxwell,,,,,Chris Gayle
Australia,2013,Shane Watson,,,,,Chris Harris
Australia,2013,Xavier Doherty,,,,,Chris Lynn
Australia,2013,Mitchell Johnson,,,,,Chris Morris
Australia,2013,Clint McKay,,,,,Chris Nevin
Australia,2013,Mitchell Starc,,,,,Chris Read
Australia,2017,Steven Smith,,,,,Chris Woakes
Australia,2017,David Warner,,,,,Clayton Lambert
Australia,2017,Aaron Finch,,,,,Clint McKay
Australia,2017,Travis Head,,,,,Colin de Grandhomme
Australia,2017,Chris Lynn,,,,,Colin Ingram
Australia,2017,Matthew Wade,,,,,Colin Munro
Australia,2017,John Hastings,,,,,Colin Stuart
Australia,2017,Moises Henriques,,,,,Collins Obuya
Australia,2017,Glenn Maxwell,,,,,Cooper Connolly
Australia,2017,Marcus Stoinis,,,,,Corbin Bosch
Australia,2017,Pat Cummins,,,,,Corey Anderson
Australia,2017,Josh Hazlewood,,,,,Corey Collymore
Australia,2017,James Pattinson,,,,,Courtney Browne
Australia,2017,Mitchell Starc,,,,,Craig Evans
Australia,2017,Adam Zampa,,,,,Craig McMillan
Australia,2025,Steven Smith,,,,,Craig Spearman
Australia,2025,Alex Carey,,,,,Craig White
Australia,2025,Jake Fraser-McGurk,,,,,Craig Wishart
Australia,2025,Travis Head,,,,,Daan van Bunge
Australia,2025,Josh Inglish,,,,,Dale Benkenstein
Australia,2025,Marnus Labuschagne,,,,,Dale Richards
Australia,2025,Sean Abbott,,,,,Dale Steyn
Australia,2025,Cooper Connolly,,,,,Damien Fleming
Australia,2025,Aaron Hardie,,,,,Damien Martyn
Australia,2025,Glenn Maxwell,,,,,Daniel Vettori
Australia,2025,Ben Dwarshuis,,,,,Danushka Gunathilaka
Australia,2025,Nathan Ellis,,,,,Daren Sammy
Australia,2025,Spencer Johnson,,,,,Darren Bravo
Australia,2025,Tanveer Sangha,,,,,Darren Gough
Australia,2025,Adam Zampa,,,,,Darren Lehmann
Bangladesh,2000,Akram Khan,,,,,Daryl Mitchell
Bangladesh,2000,Al Sahariar,,,,,Daryl Tuffey
Bangladesh,2000,Aminul Islam,,,,,Daryll Cullinan
Bangladesh,2000,Habibul Bashar,,,,,David Bernard
Bangladesh,2000,Javed Omer,,,,,David Hussey
Bangladesh,2000,Khaled Mashud,,,,,David Miller
Bangladesh,2000,Naimur Rahman,,,,,David Obuya
Bangladesh,2000,Mohammad Rafique,,,,,David Warner
Bangladesh,2000,Enamul Haque,,,,,David Willey
Bangladesh,2000,Hasibul Hossain,,,,,Denesh Ramdin
Bangladesh,2000,Manjurul Islam,,,,,Derek Crookes
Bangladesh,2000,Mushfiqur Rahman,,,,,Devon Conway
Bangladesh,2000,Ranjan Das,,,,,Devon Smith
Bangladesh,2000,Shahriar Hossain,,,,,Dhammika Prasad
Bangladesh,2002,Javed Omer,,,,,Dhananjaya de Silva
Bangladesh,2002,Al Sahariar,,,,,Dilhara Fernando
Bangladesh,2002,Habibul Bashar,,,,,Dilhara Lokuhettige
Bangladesh,2002,Mazharul Haque,,,,,Dinesh Chandimal
Bangladesh,2002,Tushar Imran,,,,,Dinesh Karthik
Bangladesh,2002,Khaled Mashud,,,,,Dinesh Mongia
Bangladesh,2002,Alok Kapali,,,,,Dion Ebrahim
Bangladesh,2002,Khaled Mahmud,,,,,Dion Nash
Bangladesh,2002,Mohammad Rafique,,,,,Dirk Viljoen
Bangladesh,2002,Tapash Baisya,,,,,Dominic Cork
Bangladesh,2002,Manjurul Islam,,,,,Donovam Blake
Bangladesh,2002,Mohammad Ashraful,,,,,Doug Bollinger
Bangladesh,2002,Fahim Muntasir,,,,,Doug Bracewell
Bangladesh,2002,Talha Jubair,,,,,Dougie Marillier
Bangladesh,2004,Javed Omer,,,,,Douglas Hondo
Bangladesh,2004,Mohammad Ashraful,,,,,Dwaine Pretorius
Bangladesh,2004,Nafees Iqbal,,,,,Dwayne Bravo
Bangladesh,2004,Rajin Saleh,,,,,Dwayne Smith
Bangladesh,2004,Aftab Ahmed,,,,,Ed Rainsford
Bangladesh,2004,Khaled Mahmud,,,,,Edgar Schiferli
Bangladesh,2004,Khaled Mashud,,,,,Ehsan Adil
Bangladesh,2004,Manzarul Islam,,,,,Elton Chigumbura
Bangladesh,2004,Mushfiqur Rahman,,,,,Enamul Haque
Bangladesh,2004,Mohammad Rafique,,,,,Eoin Morgan
Bangladesh,2004,Tapash Baisya,,,,,Eric Upashantha
Bangladesh,2004,Nazmul Hossain,,,,,Faf du Plessis
Bangladesh,2006,Shahriar Nafees,,,,,Faheem Ashraf
Bangladesh,2006,Mohammad Ashraful,,,,,Fahim Muntasir
Bangladesh,2006,Rajin Saleh,,,,,Faisal Iqbal
Bangladesh,2006,Aftab Ahmed,,,,,Fakhar Zaman
Bangladesh,2006,Shakib Al Hasan,,,,,Fareed Ahmad
Bangladesh,2006,Habibul Bashar,,,,,Farhaan Behardien
Bangladesh,2006,Mehrab Hossain jnr,,,,,Farhad Reza
Bangladesh,2006,Farhad Reza,,,,,Farveez Maharoof
Bangladesh,2006,Khaled Mashud,,,,,Fawad Alam
Bangladesh,2006,Mohammad Rafique,,,,,Fazalhaq Farooqi
Bangladesh,2006,Mashrafe Mortaza,,,,,Feiko Kloppenburg
Bangladesh,2006,Abdur Razzak,,,,,Fidel Edwards
Bangladesh,2006,Syed Rasel,,,,,Floyd Reifer
Bangladesh,2017,Imrul Kayes,,,,,Gareth Hopkins
Bangladesh,2017,Mosaddek Hossain,,,,,Gary Kirsten
Bangladesh,2017,Mushfiqur Rahim,,,,,Gautam Gambhir
Bangladesh,2017,Sabbir Rahman,,,,,Gavin Rennie
Bangladesh,2017,Tamim Iqbal,,,,,Gavin Tonge
Bangladesh,2017,Mahmudullah,,,,,Geoff Allott
Bangladesh,2017,Mehidy Hasan Miraz,,,,,George Bailey
Bangladesh,2017,Shakib Al Hasan,,,,,Geraint Jones
Bangladesh,2017,Soumya Sarkar,,,,,Glen Sulzberger
Bangladesh,2017,Mashrafe Mortaza,,,,,Glenn Maxwell
Bangladesh,2017,Mustafizur Rahman,,,,,Glenn McGrath
Bangladesh,2017,Rubel Hossain,,,,,Glenn Phillips
Bangladesh,2017,Shafiul Islam,,,,,Graeme Hick
Bangladesh,2017,Sunzamul Islam,,,,,Graeme Smith
Bangladesh,2017,Taskin Ahmed,,,,,Graeme Swann
Bangladesh,2025,Najmul Hossain Shanto,,,,,Graham Lloyd
Bangladesh,2025,Jaker Ali,,,,,Graham Onions
Bangladesh,2025,Mushfiqur Rahim,,,,,Graham Thorpe
Bangladesh,2025,Parvez Hossain Emon,,,,,Grant Elliott
Bangladesh,2025,Tanzid Hasan,,,,,Grant Flower
Bangladesh,2025,Towhid Hridoy,,,,,Gulbadin Naib
Bangladesh,2025,Mahmudullah,,,,,Gus Atkinson
Bangladesh,2025,Mehidy Hasan Miraz,,,,,Guy Whittall
Bangladesh,2025,Nasum Ahmed,,,,,Habibul Bashar
Bangladesh,2025,Rishad Hossain,,,,,Hamilton Masakadza
Bangladesh,2025,Soumya Sarkar,,,,,Hamish Marshall
Bangladesh,2025,Tanzim Hasan Sakib,,,,,Hansie Cronje
Bangladesh,2025,Mustafizur Rahman,,,,,Harbhajan Singh
Bangladesh,2025,Nahid Rana,,,,,Hardik Pandya
Bangladesh,2025,Taskin Ahmed,,,,,Haris Rauf
England,1998,Nick Knight,,,,,Haris Sohail
England,1998,Ali Brown,,,,,Harry Brook
England,1998,Mark Ealham,,,,,Harshit Rana
England,1998,Graeme Hick,,,,,Hasan Ali
England,1998,Neil Fairbrother,,,,,Hashim Amla
England,1998,Graham Lloyd,,,,,Hashmatullah Shahidi
England,1998,Adam Hollioake,,,,,Hasibul Hossain
England,1998,Jack Russell,,,,,Heath Streak
England,1998,Ashley Giles,,,,,Heinrich Klaasen
England,1998,Peter Martin,,,,,Hemang Badani
England,1998,Ian Austin,,,,,Henk-Jan Mol
England,2000,Nasser Hussain,,,,,Henry Olonga
England,2000,Graeme Hick,,,,,Herschelle Gibbs
England,2000,Vikram Solanki,,,,,Hitesh Modi
England,2000,Alec Stewart,,,,,Howard Johnson
England,2000,Graham Thorpe,,,,,Iain O'Brien
England,2000,Marcus Trescothick,,,,,Ian Austin
England,2000,Mark Ealham,,,,,Ian Bell
England,2000,Andrew Flintoff,,,,,Ian Blackwell
England,2000,Craig White,,,,,Ian Bradshaw
England,2000,Andy Caddick,,,,,Ian Butler
England,2000,Ashley Giles,,,,,Ian Harvey
England,2000,Darren Gough,,,,,Ibrahim Zadran
England,2000,Matthew Hoggard,,,,,Iftikhar Anjum
England,2000,Mark Alleyne,,,,,Ijaz Ahmed
England,2000,Paul Grayson,,,,,Ikram Alikhil
England,2002,Marcus Trescothick,,,,,Imad Wasim
England,2002,Nick Knight,,,,,Imam-ul-Haq
England,2002,Nasser Hussain,,,,,Imran Farhat
England,2002,Ronnie Irani,,,,,Imran Nazir
England,2002,Ashley Giles,,,,,Imran Tahir
England,2002,Ian Blackwell,,,,,Imrul Kayes
England,2002,Owais Shah,,,,,Inzamam-ul-Haq
England,2002,Alec Stewart,,,,,Irfan Pathan
England,2002,Dominic Cork,,,,,Ishant Sharma
England,2002,Jeremy Snape,,,,,Jack Russell
England,2002,Andy Caddick,,,,,Jacob Duffy
England,2002,Matthew Hoggard,,,,,Jacob Oram
England,2004,Marcus Trescothick,,,,,Jacob-Jan Esmeijer
England,2004,Vikram Solanki,,,,,Jacques Kallis
England,2004,Michael Vaughan,,,,,Jacques Rudolph
England,2004,Andrew Strauss,,,,,Jake Ball
England,2004,Andrew Flintoff,,,,,Jake Fraser-McGurk
England,2004,Paul Collingwood,,,,,Jaker Ali
England,2004,Geraint Jones,,,,,James Anderson
England,2004,Ashley Giles,,,,,James Faulkner
England,2004,Alex Wharf,,,,,James Franklin
England,2004,Darren Gough,,,,,James Hopes
England,2004,Steve Harmison,,,,,James Neesham
England,2006,Andrew Strauss,,,,,James Pattinson
England,2006,Ian Bell,,,,,James Tredwell
England,2006,Andrew Flintoff,,,,,Jamie Dalrymple
England,2006,Michael Yardy,,,,,Jamie Overton
England,2006,Kevin Pietersen,,,,,Jamie Smith
England,2006,Paul Collingwood,,,,,Jason Gillespie
England,2006,Jamie Dalrymple,,,,,Jason Holder
England,2006,Jon Lewis,,,,,Jason Roy
England,2006,Chris Read,,,,,Jasprit Bumrah
England,2006,Sajid Mahmood,,,,,Javagal Srinath
England,2006,Steve Harmison,,,,,Javed Omer
England,2006,James Anderson,,,,,Jean-Paul Duminy
England,2009,Andrew Strauss,,,,,Jeetan Patel
England,2009,Steven Davies,,,,,Jeevan Mendis
England,2009,Joe Denly,,,,,Jeremy Snape
England,2009,Eoin Morgan,,,,,Jerome Taylor
England,2009,Owais Shah,,,,,Jignesh Desai
England,2009,Luke Wright,,,,,Jimmy Adams
England,2009,Ravi Bopara,,,,,Jimmy Kamande
England,2009,Tim Bresnan,,,,,Jimmy Maher
England,2009,Paul Collingwood,,,,,Joe Denly
England,2009,James Anderson,,,,,Joe Root
England,2009,Stuart Broad,,,,,Jofra Archer
England,2009,Graham Onions,,,,,Johan Botha
England,2009,Adil Rashid,,,,,John Hastings
England,2009,Ryan Sidebottom,,,,,Johnson Charles
England,2009,Graeme Swann,,,,,Jon Lewis
England,2013,Alastair Cook,,,,,Jonathan Trott
England,2013,Jonny Bairstow,,,,,Jonny Bairstow
England,2013,Ian Bell,,,,,Jonty Rhodes
England,2013,Jos Buttler,,,,,Jos Buttler
England,2013,Eoin Morgan,,,,,Joseph Angara
England,2013,Joe Root,,,,,Josephat Ababu
England,2013,Jonathan Trott,,,,,Josh Hazlewood
England,2013,Ravi Bopara,,,,,Josh Inglish
England,2013,Tim Bresnan,,,,,Junaid Khan
England,2013,James Tredwell,,,,,Justin Kemp
England,2013,Chris Woakes,,,,,Justin Ontong
England,2013,James Anderson,,,,,Kagiso Rabada
England,2013,Stuart Broad,,,,,Kamran Akmal
England,2013,Steven Finn,,,,,Kamran Ghulam
England,2013,Graeme Swann,,,,,Kane Williamson
England,2017,Eoin Morgan,,,,,Kedar Jadhav
England,2017,Jonny Bairstow,,,,,Keith Arthurton
England,2017,Sam Billings,,,,,Kemar Roach
England,2017,Jos Buttler,,,,,Kennedy Otieno
England,2017,Alex Hales,,,,,Kerry Jeremy
England,2017,Joe Root,,,,,Keshav Maharaj
England,2017,Jason Roy,,,,,Kevin McClean
England,2017,Moeen Ali,,,,,Kevin Pietersen
England,2017,Ben Stokes,,,,,Khaled Mahmud
England,2017,David Willey,,,,,Khaled Mashud
England,2017,Jake Ball,,,,,Khushdil Shah
England,2017,Steven Finn,,,,,Kieran Powell
England,2017,Liam Plunkett,,,,,Kieron Pollard
England,2017,Adil Rashid,,,,,KL Rahul
England,2017,Mark Wood,,,,,Kuldeep Yadav
England,2025,Jos Buttler,,,,,Kumar Dharmasena
England,2025,Tom Banton,,,,,Kumar Sangakkara
England,2025,Harry Brook,,,,,Kusal Mendis
England,2025,Ben Duckett,,,,,Kusal Perera
England,2025,Joe Root,,,,,Kyle Mills
England,2025,Phil Salt,,,,,Lahiru Thirimanne
England,2025,Jamie Smith,,,,,Lakshan Sandakan
England,2025,Liam Livingstone,,,,,Lameck Onyango
England,2025,Jamie Overton,,,,,Lance Klusener
England,2025,Rehan Ahmed,,,,,Lasith Malinga
England,2025,Jofra Archer,,,,,Laurie Williams
England,2025,Gus Atkinson,,,,,Leon Romero
England,2025,Saqib Mahmood,,,,,Liam Livingstone
England,2025,Adil Rashid,,,,,Liam Plunkett
England,2025,Mark Wood,,,,,Lonwabo Tsotsobe
India,1998,Sourav Ganguly,,,,,Loots Bosman
India,1998,Sachin Tendulkar,,,,,Lou Vincent
India,1998,Mohammad Azharuddin,,,,,Luke Ronchi
India,1998,Rahul Dravid,,,,,Luke Wright
India,1998,Ajay Jadeja,,,,,Lungi Ngidi
India,1998,Robin Singh,,,,,Luuk van Troost
India,1998,Ajit Agarkar,,,,,Mahela Jayawardene
India,1998,Sunil Joshi,,,,,Mahendra Nagamootoo
India,1998,Javagal Srinath,,,,,Mahmudullah
India,1998,Nayan Mongia,,,,,Makhaya Ntini
India,1998,Anil Kumble,,,,,Malhar Patel
India,2000,Sourav Ganguly,,,,,Manjurul Islam
India,2000,Hemang Badani,,,,,Manzarul Islam
India,2000,Rahul Dravid,,,,,Marco Jansen
India,2000,Vinod Kambli,,,,,Marcus Stoinis
India,2000,Sridharan Sriram,,,,,Marcus Trescothick
India,2000,Sachin Tendulkar,,,,,Mark Alleyne
India,2000,Yuvraj Singh,,,,,Mark Bailey
India,2000,Sunil Joshi,,,,,Mark Boucher
India,2000,Robin Singh,,,,,Mark Chapman
India,2000,Ajit Agarkar,,,,,Mark Ealham
India,2000,Zaheer Khan,,,,,Mark Higgs
India,2000,Anil Kumble,,,,,Mark Johnson
India,2000,Venkatesh Prasad,,,,,Mark Vermeulen
India,2000,Vijay Dahiya,,,,,Mark Waugh
India,2002,Sourav Ganguly,,,,,Mark Wood
India,2002,VVS Laxman,,,,,Marlon Samuels
India,2002,Virender Sehwag,,,,,Marnus Labuschagne
India,2002,Dinesh Mongia,,,,,Martin Guptill
India,2002,Sachin Tendulkar,,,,,Martin Suji
India,2002,Rahul Dravid,,,,,Martin van Jaarsveld
India,2002,Javagal Srinath,,,,,Marvan Atapattu
India,2002,Yuvraj Singh,,,,,Mashrafe Mortaza
India,2002,Mohammad Kaif,,,,,Mathew Sinclair
India,2002,Anil Kumble,,,,,Matt Henry
India,2002,Harbhajan Singh,,,,,Matthew Bell
India,2002,Zaheer Khan,,,,,Matthew Hayden
India,2002,Ashish Nehra,,,,,Matthew Hoggard
India,2004,Sourav Ganguly,,,,,Matthew Wade
India,2004,Virender Sehwag,,,,,Maurice Odumbe
India,2004,VVS Laxman,,,,,Mazharul Haque
India,2004,Rohan Gavaskar,,,,,Mehidy Hasan Miraz
India,2004,Yuvraj Singh,,,,,Mehrab Hossain jnr
India,2004,Mohammad Kaif,,,,,Mervyn Dillon
India,2004,Rahul Dravid,,,,,Michael Bevan
India,2004,Dinesh Karthik,,,,,Michael Bracewell
India,2004,Harbhajan Singh,,,,,Michael Clarke
India,2004,Irfan Pathan,,,,,Michael Hussey
India,2004,Ajit Agarkar,,,,,Michael Kasprowicz
India,2004,Ashish Nehra,,,,,Michael Vaughan
India,2006,Dinesh Mongia,,,,,Michael Yardy
India,2006,Virender Sehwag,,,,,Mike Rindel
India,2006,Sachin Tendulkar,,,,,Misbah-ul-Haq
India,2006,Irfan Pathan,,,,,Mitchell Johnson
India,2006,Rahul Dravid,,,,,Mitchell Marsh
India,2006,Mohammad Kaif,,,,,Mitchell McClenaghan
India,2006,Yuvraj Singh,,,,,Mitchell Santner
India,2006,Sreesanth,,,,,Mitchell Starc
India,2006,RP Singh,,,,,Mluleki Nkala
India,2006,MS Dhoni,,,,,Moeen Ali
India,2006,Suresh Raina,,,,,Mohammad Amir
India,2006,Harbhajan Singh,,,,,Mohammad Ashraful
India,2006,Ajit Agarkar,,,,,Mohammad Asif
India,2006,Ramesh Powar,,,,,Mohammad Azharuddin
India,2006,Munaf Patel,,,,,Mohammad Hafeez
India,2009,MS Dhoni,,,,,Mohammad Hasnain
India,2009,Rahul Dravid,,,,,Mohammad Irfan
India,2009,Gautam Gambhir,,,,,Mohammad Kaif
India,2009,Dinesh Karthik,,,,,Mohammad Rafique
India,2009,Virat Kohli,,,,,Mohammad Rizwan
India,2009,Suresh Raina,,,,,Mohammad Sami
India,2009,Sachin Tendulkar,,,,,Mohammad Sheikh
India,2009,Abhishek Nayar,,,,,Mohammad Yousuf
India,2009,Yusuf Pathan,,,,,Mohammed Nabi
India,2009,Harbhajan Singh,,,,,Mohammed Shami
India,2009,Praveen Kumar,,,,,Moin Khan
India,2009,Amit Mishra,,,,,Moises Henriques
India,2009,Ashish Nehra,,,,,Morne Morkel
India,2009,Ishant Sharma,,,,,Morris Ouma
India,2009,RP Singh,,,,,Mosaddek Hossain
India,2013,MS Dhoni,,,,,MS Dhoni
India,2013,Shikhar Dhawan,,,,,Munaf Patel
India,2013,Dinesh Karthik,,,,,Murali Vijay
India,2013,Virat Kohli,,,,,Murray Goodwin
India,2013,Suresh Raina,,,,,Mushfiqur Rahim
India,2013,Rohit Sharma,,,,,Mushfiqur Rahman
India,2013,Murali Vijay,,,,,Mustafizur Rahman
India,2013,Ravichandran Ashwin,,,,,Muthiah Muralidaran
India,2013,Ravindra Jadeja,,,,,Nafees Iqbal
India,2013,Irfan Pathan,,,,,Nahid Rana
India,2013,Bhuvneshwar Kumar,,,,,Naimur Rahman
India,2013,Amit Mishra,,,,,Najmul Hossain Shanto
India,2013,Ishant Sharma,,,,,Nangeyalia Kharote
India,2013,Vinay Kumar,,,,,Naseem Shah
India,2013,Umesh Yadav,,,,,Nasir Jamshed
India,2017,Virat Kohli,,,,,Nasir Javed
India,2017,Shikhar Dhawan,,,,,Nasser Hussain
India,2017,MS Dhoni,,,,,Nasum Ahmed
India,2017,Dinesh Karthik,,,,,Nathan Astle
India,2017,Ajinkya Rahane,,,,,Nathan Bracken
India,2017,Rohit Sharma,,,,,Nathan Coulter-Nile
India,2017,Yuvraj Singh,,,,,Nathan Ellis
India,2017,Ravichandran Ashwin,,,,,Nathan Hauritz
India,2017,Ravindra Jadeja,,,,,Nathan McCullum
India,2017,Kedar Jadhav,,,,,Nathan Smith
India,2017,Hardik Pandya,,,,,Naved-ul-Hasan
India,2017,Jasprit Bumrah,,,,,Naveed Zadran
India,2017,Bhuvneshwar Kumar,,,,,Nayan Mongia
India,2017,Mohammed Shami,,,,,Nazmul Hossain
India,2017,Umesh Yadav,,,,,Neil Broom
India,2025,Rohit Sharma,,,,,Neil Fairbrother
India,2025,Shubman Gill,,,,,Neil Johnson
India,2025,Shreyas Iyer,,,,,Neil McKenzie
India,2025,Virat Kohli,,,,,Nick Knight
India,2025,Rishabh Pant,,,,,Nicky Boje
India,2025,KL Rahul,,,,,Nikita Miller
India,2025,Ravindra Jadeja,,,,,Niroshan Dickwella
India,2025,Hardik Pandya,,,,,Nixon McLean
India,2025,Axar Patel,,,,,Noor Ahmad
India,2025,Washington Sundar,,,,,Nuwan Kulasekara
India,2025,Arshdeep Singh,,,,,Nuwan Pradeep
India,2025,Harshit Rana,,,,,Nuwan Zoysa
India,2025,Kuldeep Yadav,,,,,Owais Shah
India,2025,Mohammed Shami,,,,,Parvez Hossain Emon
India,2025,Varun Chakravarthy,,,,,Pat Cummins
Kenya,2000,Hitesh Modi,,,,,Pat Symcox
Kenya,2000,Kennedy Otieno,,,,,Paul Collingwood
Kenya,2000,Ravi Shah,,,,,Paul Grayson
Kenya,2000,Maurice Odumbe,,,,,Paul Hitchcock
Kenya,2000,Thomas Odoyo,,,,,Paul Strang
Kenya,2000,Tony Suji,,,,,Paul Wiseman
Kenya,2000,Steve Tikolo,,,,,Pedro Collins
Kenya,2000,Jimmy Kamande,,,,,Peter Fulton
Kenya,2000,Peter Ongondo,,,,,Peter Martin
Kenya,2000,Lameck Onyango,,,,,Peter Ongondo
Kenya,2000,Martin Suji,,,,,Peter Siddle
Kenya,2000,Josephat Ababu,,,,,Phil Salt
Kenya,2000,Mohammad Sheikh,,,,,Phil Simmons
Kenya,2002,Kennedy Otieno,,,,,Phillip Hughes
Kenya,2002,Ravi Shah,,,,,Philo Wallace
Kenya,2002,Brijal Patel,,,,,Piet Rinke
Kenya,2002,Steve Tikolo,,,,,Pommie Mbangwa
Kenya,2002,Maurice Odumbe,,,,,Pramodya Wickramasinghe
Kenya,2002,Thomas Odoyo,,,,,Praveen Kumar
Kenya,2002,David Obuya,,,,,Prosper Utseya
Kenya,2002,Collins Obuya,,,,,Pulasthi Gunaratne
Kenya,2002,Jimmy Kamande,,,,,Quinton de Kock
Kenya,2002,Tony Suji,,,,,Rachin Ravindra
Kenya,2002,Martin Suji,,,,,Ragheb Aga
Kenya,2002,Joseph Angara,,,,,Rahmanullah Gurbaz
Kenya,2004,Kennedy Otieno,,,,,Rahmat Shah
Kenya,2004,Malhar Patel,,,,,Rahul Dravid
Kenya,2004,Ravi Shah,,,,,Rajin Saleh
Kenya,2004,Steve Tikolo,,,,,Ramesh Powar
Kenya,2004,Hitesh Modi,,,,,Ramnaresh Sarwan
Kenya,2004,Thomas Odoyo,,,,,Rangana Herath
Kenya,2004,Ragheb Aga,,,,,Ranjan Das
Kenya,2004,Morris Ouma,,,,,Rashid
Kenya,2004,Brijal Patel,,,,,Rashid Khan
Kenya,2004,Martin Suji,,,,,Rashid Latif
Kenya,2004,Peter Ongondo,,,,,Rassie van der Dussen
Kenya,2004,Tony Suji,,,,,Ravi Bopara
Netherlands,2002,Robert van Oosterom,,,,,Ravi Rampaul
Netherlands,2002,Henk-Jan Mol,,,,,Ravi Shah
Netherlands,2002,Feiko Kloppenburg,,,,,Ravichandran Ashwin
Netherlands,2002,Daan van Bunge,,,,,Ravindra Jadeja
Netherlands,2002,Bas Zuiderent,,,,,Rawl Lewis
Netherlands,2002,Tim de Leede,,,,,Ray Price
Netherlands,2002,Reinout Scholte,,,,,Rehan Ahmed
Netherlands,2002,Luuk van Troost,,,,,Reinout Scholte
Netherlands,2002,Jacob-Jan Esmeijer,,,,,Reon King
Netherlands,2002,Adeel Raja,,,,,Ricardo Powell
Netherlands,2002,Edgar Schiferli,,,,,Richard Staple
Netherlands,2002,Roland Lefebvre,,,,,Ricky Ponting
Netherlands,2002,Victor Grandia,,,,,Ridley Jacobs
New Zealand,1998,Matthew Bell,,,,,Rishabh Pant
New Zealand,1998,Nathan Astle,,,,,Rishad Hossain
New Zealand,1998,Steven Fleming,,,,,Robert van Oosterom
New Zealand,1998,Craig McMillan,,,,,Robin Peterson
New Zealand,1998,Adam Parore,,,,,Robin Singh
New Zealand,1998,Chris Harris,,,,,Roelof van der Merwe
New Zealand,1998,Alex Tait,,,,,Roger Telemachus
New Zealand,1998,Geoff Allott,,,,,Roger Twose
New Zealand,1998,Mark Bailey,,,,,Rohan Alexander
New Zealand,1998,Daniel Vettori,,,,,Rohan Gavaskar
New Zealand,1998,Simon Doull,,,,,Rohit Sharma
New Zealand,1998,Paul Wiseman,,,,,Roland Lefebvre
New Zealand,2000,Stephen Fleming,,,,,Romesh Kaluwitharana
New Zealand,2000,Nathan Astle,,,,,Ronnie Irani
New Zealand,2000,Craig McMillan,,,,,Rory Kleinveldt
New Zealand,2000,Chris Nevin,,,,,Roshan Mahanama
New Zealand,2000,Adam Parore,,,,,Ross Taylor
New Zealand,2000,Craig Spearman,,,,,Royston Crandon
New Zealand,2000,Roger Twose,,,,,RP Singh
New Zealand,2000,Chris Cairns,,,,,Rubel Hossain
New Zealand,2000,Chris Harris,,,,,Ruchira Perera
New Zealand,2000,Dion Nash,,,,,Rumman Raees
New Zealand,2000,Scott Styris,,,,,Runako Morton
New Zealand,2000,Geoff Allott,,,,,Russel Arnold
New Zealand,2000,Paul Wiseman,,,,,Ryan Hinds
New Zealand,2000,Glen Sulzberger,,,,,Ryan McLaren
New Zealand,2002,Stephen Fleming,,,,,Ryan Rickelton
New Zealand,2002,Nathan Astle,,,,,Ryan Sidebottom
New Zealand,2002,Mathew Sinclair,,,,,Sabbir Rahman
New Zealand,2002,Lou Vincent,,,,,Sachin Tendulkar
New Zealand,2002,Scott Styris,,,,,Sachithra Senanayake
New Zealand,2002,Chris Harris,,,,,Saeed Ajmal
New Zealand,2002,Jacob Oram,,,,,Saeed Anwar
New Zealand,2002,Daniel Vettori,,,,,Sajid Mahmood
New Zealand,2002,Kyle Mills,,,,,Saleem Elahi
New Zealand,2002,Daryl Tuffey,,,,,Saleem Malik
New Zealand,2002,Paul Hitchcock,,,,,Salman Agha
New Zealand,2002,Shane Bond,,,,,Salman Butt
New Zealand,2004,Stephen Fleming,,,,,Sam Billings
New Zealand,2004,Nathan Astle,,,,,Saman Jayantha
New Zealand,2004,Hamish Marshall,,,,,Sanath Jayasuriya
New Zealand,2004,Scott Styris,,,,,Saqib Mahmood
New Zealand,2004,Chris Cairns,,,,,Saqlain Mushtaq
New Zealand,2004,Craig McMillan,,,,,Sarfaraz Ahmed
New Zealand,2004,Kyle Mills,,,,,Saud Shakeel
New Zealand,2004,Jacob Oram,,,,,Scott Styris
New Zealand,2004,Brendon McCullum,,,,,Sean Abbott
New Zealand,2004,Chris Harris,,,,,Sean Ervine
New Zealand,2004,Daniel Vettori,,,,,Sediqullah Atal
New Zealand,2004,Daryl Tuffey,,,,,Seekkuge Prasanna
New Zealand,2006,Lou Vincent,,,,,Shadab Khan
New Zealand,2006,Stephen Fleming,,,,,Shafiek Abrahams
New Zealand,2006,Scott Styris,,,,,Shafiul Islam
New Zealand,2006,Nathan Astle,,,,,Shaheen Shah Afridi
New Zealand,2006,Shane Bond,,,,,Shahid Afridi
New Zealand,2006,Hamish Marshall,,,,,Shahriar Hossain
New Zealand,2006,Peter Fulton,,,,,Shahriar Nafees
New Zealand,2006,Jacob Oram,,,,,Shakib Al Hasan
New Zealand,2006,Brendon McCullum,,,,,Shaminda Eranga
New Zealand,2006,Daniel Vettori,,,,,Shane Bond
New Zealand,2006,James Franklin,,,,,Shane Lee
New Zealand,2006,Kyle Mills,,,,,Shane Warne
New Zealand,2006,Jeetan Patel,,,,,Shane Watson
New Zealand,2009,Neil Broom,,,,,Shaun Pollock
New Zealand,2009,Brendon Diamanti,,,,,Sherwin Campbell
New Zealand,2009,Martin Guptill,,,,,Shikhar Dhawan
New Zealand,2009,Gareth Hopkins,,,,,Shivnarine Chanderpaul
New Zealand,2009,Brendon McCullum,,,,,Shoaib Akhtar
New Zealand,2009,Aaron Redmond,,,,,Shoaib Malik
New Zealand,2009,Ross Taylor,,,,,Shreyas Iyer
New Zealand,2009,Daniel Vettori,,,,,Shubman Gill
New Zealand,2009,Grant Elliott,,,,,Simon Doull
New Zealand,2009,James Franklin,,,,,Soumya Sarkar
New Zealand,2009,Shane Bond,,,,,Sourav Ganguly
New Zealand,2009,Ian Butler,,,,,Spencer Johnson
New Zealand,2009,Kyle Mills,,,,,Sreesanth
New Zealand,2009,Iain O'Brien,,,,,Sridharan Sriram
New Zealand,2009,Jeetan Patel,,,,,Stephen Fleming
New Zealand,2013,Brendon McCullum,,,,,Steve Elworthy
New Zealand,2013,Martin Guptill,,,,,Steve Harmison
New Zealand,2013,Colin Munro,,,,,Steve Massiah
New Zealand,2013,Luke Ronchi,,,,,Steve Tikolo
New Zealand,2013,Ross Taylor,,,,,Steve Waugh
New Zealand,2013,Kane Williamson,,,,,Steven Davies
New Zealand,2013,Corey Anderson,,,,,Steven Finn
New Zealand,2013,James Franklin,,,,,Steven Fleming
New Zealand,2013,Daniel Vettori,,,,,Steven Smith
New Zealand,2013,Doug Bracewell,,,,,Stuart Broad
New Zealand,2013,Ian Butler,,,,,Stuart Carlisle
New Zealand,2013,Mitchell McClenaghan,,,,,Stuart Matsikenyeri
New Zealand,2013,Nathan McCullum,,,,,Stuart Williams
New Zealand,2013,Kyle Mills,,,,,Sunil Joshi
New Zealand,2013,Tim Southee,,,,,Sunil Narine
New Zealand,2017,Kane Williamson,,,,,Sunzamul Islam
New Zealand,2017,Neil Broom,,,,,Suranga Lakmal
New Zealand,2017,Martin Guptill,,,,,Suresh Raina
New Zealand,2017,Tom Latham,,,,,Syed Rasel
New Zealand,2017,Luke Ronchi,,,,,Sylvester Joseph
New Zealand,2017,Ross Taylor,,,,,Tabraiz Shamsi
New Zealand,2017,Corey Anderson,,,,,Tafadzwa Kamungozi
New Zealand,2017,Colin de Grandhomme,,,,,Tafadzwa Mufambisi
New Zealand,2017,James Neesham,,,,,Talha Jubair
New Zealand,2017,Mitchell Santner,,,,,Tamim Iqbal
New Zealand,2017,Trent Boult,,,,,Tanveer Sangha
New Zealand,2017,Mitchell McClenaghan,,,,,Tanzid Hasan
New Zealand,2017,Adam Milne,,,,,Tanzim Hasan Sakib
New Zealand,2017,Jeetan Patel,,,,,Tapash Baisya
New Zealand,2017,Tim Southee,,,,,Taskin Ahmed
New Zealand,2025,Devon Conway,,,,,Tatenda Taibu
New Zealand,2025,Tom Latham,,,,,Tawanda Mupariwa
New Zealand,2025,Kane Williamson,,,,,Tayyab Tahir
New Zealand,2025,Will Young,,,,,Temba Bavuma
New Zealand,2025,Mitchell Santner,,,,,Thilan Samaraweera
New Zealand,2025,Michael Bracewell,,,,,Thilan Thushara
New Zealand,2025,Mark Chapman,,,,,Thilina Kandamby
New Zealand,2025,Daryl Mitchell,,,,,Thisara Perera
New Zealand,2025,Glenn Phillips,,,,,Thomas Odoyo
New Zealand,2025,Rachin Ravindra,,,,,Tillakaratne Dilshan
New Zealand,2025,Nathan Smith,,,,,Tim Bresnan
New Zealand,2025,Jacob Duffy,,,,,Tim de Leede
New Zealand,2025,Matt Henry,,,,,Tim Paine
New Zealand,2025,Will O’Rourke,,,,,Tim Southee
Pakistan,1998,Shahid Afridi,,,,,Tinashe Panyangara
Pakistan,1998,Saleem Elahi,,,,,Tino Best
Pakistan,1998,Azhar Mahmood,,,,,Tom Banton
Pakistan,1998,Aamer Sohail,,,,,Tom Latham
Pakistan,1998,Ijaz Ahmed,,,,,Tony de Zorzi
Pakistan,1998,Akhtar Sarfraz,,,,,Tony Reid
Pakistan,1998,Saleem Malik,,,,,Tony Suji
Pakistan,1998,Wasim Akram,,,,,Towhid Hridoy
Pakistan,1998,Moin Khan,,,,,Travis Dowlin
Pakistan,1998,Saqlain Mushtaq,,,,,Travis Head
Pakistan,1998,Arshad Khan,,,,,Trent Boult
Pakistan,2000,Moin Khan,,,,,Tristan Stubbs
Pakistan,2000,Faisal Iqbal,,,,,Tushar Imran
Pakistan,2000,Ijaz Ahmed,,,,,Umar Akmal
Pakistan,2000,Imran Nazir,,,,,Umar Amin
Pakistan,2000,Inzamam-ul-Haq,,,,,Umar Gul
Pakistan,2000,Mohammad Yousuf,,,,,Umesh Yadav
Pakistan,2000,Saeed Anwar,,,,,Upul Chandana
Pakistan,2000,Saleem Elahi,,,,,Upul Tharanga
Pakistan,2000,Abdul Razzaq,,,,,Usman Khan
Pakistan,2000,Azhar Mahmood,,,,,Varun Chakravarthy
Pakistan,2000,Arshad Khan,,,,,Vasbert Drakes
Pakistan,2000,Saqlain Mushtaq,,,,,Venkatesh Prasad
Pakistan,2000,Waqar Younis,,,,,Victor Grandia
Pakistan,2000,Wasim Akram,,,,,Vijay Dahiya
Pakistan,2002,Saeed Anwar,,,,,Vikram Solanki
Pakistan,2002,Shahid Afridi,,,,,Vinay Kumar
Pakistan,2002,Shoaib Malik,,,,,Vinod Kambli
Pakistan,2002,Mohammad Yousuf,,,,,Virat Kohli
Pakistan,2002,Younis Khan,,,,,Virender Sehwag
Pakistan,2002,Rashid Latif,,,,,Vusi Sibanda
Pakistan,2002,Misbah-ul-Haq,,,,,VVS Laxman
Pakistan,2002,Abdul Razzaq,,,,,Wahab Riaz
Pakistan,2002,Wasim Akram,,,,,Waqar Younis
Pakistan,2002,Waqar Younis,,,,,Washington Sundar
Pakistan,2002,Shoaib Akhtar,,,,,Wasim Akram
Pakistan,2004,Yasir Hameed,,,,,Wavell Hinds
Pakistan,2004,Imran Farhat,,,,,Wayne Parnell
Pakistan,2004,Shoaib Malik,,,,,Wiaan Mulder
Pakistan,2004,Shahid Afridi,,,,,Will O’Rourke
Pakistan,2004,Abdul Razzaq,,,,,Will Young
Pakistan,2004,Salman Butt,,,,,Xavier Doherty
Pakistan,2004,Inzamam-ul-Haq,,,,,Yasir Arafat
Pakistan,2004,Mohammad Yousuf,,,,,Yasir Hameed
Pakistan,2004,Moin Khan,,,,,Younis Khan
Pakistan,2004,Naved-ul-Hasan,,,,,Yusuf Pathan
Pakistan,2004,Mohammad Sami,,,,,Yuvraj Singh
Pakistan,2004,Shoaib Akhtar,,,,,Zaheer Khan
Pakistan,2006,Mohammad Hafeez,,,,,
Pakistan,2006,Imran Farhat,,,,,
Pakistan,2006,Younis Khan,,,,,
Pakistan,2006,Mohammad Yousuf,,,,,
Pakistan,2006,Yasir Arafat,,,,,
Pakistan,2006,Shahid Afridi,,,,,
Pakistan,2006,Shoaib Malik,,,,,
Pakistan,2006,Kamran Akmal,,,,,
Pakistan,2006,Abdul Razzaq,,,,,
Pakistan,2006,Naved-ul-Hasan,,,,,
Pakistan,2006,Iftikhar Anjum,,,,,
Pakistan,2006,Umar Gul,,,,,
Pakistan,2009,Younis Khan,,,,,
Pakistan,2009,Fawad Alam,,,,,
Pakistan,2009,Imran Nazir,,,,,
Pakistan,2009,Kamran Akmal,,,,,
Pakistan,2009,Misbah-ul-Haq,,,,,
Pakistan,2009,Mohammad Yousuf,,,,,
Pakistan,2009,Umar Akmal,,,,,
Pakistan,2009,Shahid Afridi,,,,,
Pakistan,2009,Shoaib Malik,,,,,
Pakistan,2009,Iftikhar Anjum,,,,,
Pakistan,2009,Mohammad Amir,,,,,
Pakistan,2009,Mohammad Asif,,,,,
Pakistan,2009,Naved-ul-Hasan,,,,,
Pakistan,2009,Saeed Ajmal,,,,,
Pakistan,2009,Umar Gul,,,,,
Pakistan,2013,Misbah-ul-Haq,,,,,
Pakistan,2013,Asad Shafiq,,,,,
Pakistan,2013,Imran Farhat,,,,,
Pakistan,2013,Kamran Akmal,,,,,
Pakistan,2013,Nasir Jamshed,,,,,
Pakistan,2013,Umar Amin,,,,,
Pakistan,2013,Mohammad Hafeez,,,,,
Pakistan,2013,Shoaib Malik,,,,,
Pakistan,2013,Abdur Rehman,,,,,
Pakistan,2013,Asad Ali,,,,,
Pakistan,2013,Ehsan Adil,,,,,
Pakistan,2013,Junaid Khan,,,,,
Pakistan,2013,Mohammad Irfan,,,,,
Pakistan,2013,Saeed Ajmal,,,,,
Pakistan,2013,Wahab Riaz,,,,,
Pakistan,2017,Sarfaraz Ahmed,,,,,
Pakistan,2017,Ahmed Shehzad,,,,,
Pakistan,2017,Azhar Ali,,,,,
Pakistan,2017,Babar Azam,,,,,
Pakistan,2017,Fakhar Zaman,,,,,
Pakistan,2017,Haris Sohail,,,,,
Pakistan,2017,Faheem Ashraf,,,,,
Pakistan,2017,Imad Wasim,,,,,
Pakistan,2017,Mohammad Hafeez,,,,,
Pakistan,2017,Shadab Khan,,,,,
Pakistan,2017,Shoaib Malik,,,,,
Pakistan,2017,Hasan Ali,,,,,
Pakistan,2017,Junaid Khan,,,,,
Pakistan,2017,Mohammad Amir,,,,,
Pakistan,2017,Rumman Raees,,,,,
Pakistan,2025,Mohammad Rizwan,,,,,
Pakistan,2025,Babar Azam,,,,,
Pakistan,2025,Imam-ul-Haq,,,,,
Pakistan,2025,Saud Shakeel,,,,,
Pakistan,2025,Tayyab Tahir,,,,,
Pakistan,2025,Usman Khan,,,,,
Pakistan,2025,Salman Agha,,,,,
Pakistan,2025,Faheem Ashraf,,,,,
Pakistan,2025,Kamran Ghulam,,,,,
Pakistan,2025,Khushdil Shah,,,,,
Pakistan,2025,Abrar Ahmed,,,,,
Pakistan,2025,Haris Rauf,,,,,
Pakistan,2025,Mohammad Hasnain,,,,,
Pakistan,2025,Naseem Shah,,,,,
Pakistan,2025,Shaheen Shah Afridi,,,,,
South Africa,1998,Daryll Cullinan,,,,,
South Africa,1998,Mike Rindel,,,,,
South Africa,1998,Jacques Kallis,,,,,
South Africa,1998,Hansie Cronje,,,,,
South Africa,1998,Jonty Rhodes,,,,,
South Africa,1998,Dale Benkenstein,,,,,
South Africa,1998,Derek Crookes,,,,,
South Africa,1998,Pat Symcox,,,,,
South Africa,1998,Mark Boucher,,,,,
South Africa,1998,Nicky Boje,,,,,
South Africa,1998,Alan Dawson,,,,,
South Africa,1998,Steve Elworthy,,,,,
South Africa,2000,Mark Boucher,,,,,
South Africa,2000,Boeta Dippenaar,,,,,
South Africa,2000,Gary Kirsten,,,,,
South Africa,2000,Neil McKenzie,,,,,
South Africa,2000,Jonty Rhodes,,,,,
South Africa,2000,Shaun Pollock,,,,,
South Africa,2000,Andrew Hall,,,,,
South Africa,2000,Jacques Kallis,,,,,
South Africa,2000,Lance Klusener,,,,,
South Africa,2000,Nicky Boje,,,,,
South Africa,2000,Allan Donald,,,,,
South Africa,2000,Makhaya Ntini,,,,,
South Africa,2000,Roger Telemachus,,,,,
South Africa,2000,Shafiek Abrahams,,,,,
South Africa,2002,Graeme Smith,,,,,
South Africa,2002,Dale Benkenstein,,,,,
South Africa,2002,Makhaya Ntini,,,,,
South Africa,2002,Herschelle Gibbs,,,,,
South Africa,2002,Justin Ontong,,,,,
South Africa,2002,Jacques Kallis,,,,,
South Africa,2002,Boeta Dippenaar,,,,,
South Africa,2002,Jonty Rhodes,,,,,
South Africa,2002,Mark Boucher,,,,,
South Africa,2002,Lance Klusener,,,,,
South Africa,2002,Robin Peterson,,,,,
South Africa,2002,Shaun Pollock,,,,,
South Africa,2002,Nicky Boje,,,,,
South Africa,2002,Alan Dawson,,,,,
South Africa,2002,Allan Donald,,,,,
South Africa,2004,Graeme Smith,,,,,
South Africa,2004,Herschelle Gibbs,,,,,
South Africa,2004,Jacques Kallis,,,,,
South Africa,2004,Jacques Rudolph,,,,,
South Africa,2004,Martin van Jaarsveld,,,,,
South Africa,2004,Mark Boucher,,,,,
South Africa,2004,Shaun Pollock,,,,,
South Africa,2004,Lance Klusener,,,,,
South Africa,2004,Nicky Boje,,,,,
South Africa,2004,Charl Langeveldt,,,,,
South Africa,2004,Makhaya Ntini,,,,,
South Africa,2006,Loots Bosman,,,,,
South Africa,2006,Graeme Smith,,,,,
South Africa,2006,AB de Villiers,,,,,
South Africa,2006,Boeta Dippenaar,,,,,
South Africa,2006,Herschelle Gibbs,,,,,
South Africa,2006,Jacques Kallis,,,,,
South Africa,2006,Mark Boucher,,,,,
South Africa,2006,Charl Langeveldt,,,,,
South Africa,2006,Justin Kemp,,,,,
South Africa,2006,Shaun Pollock,,,,,
South Africa,2006,Andrew Hall,,,,,
South Africa,2006,Robin Peterson,,,,,
South Africa,2006,Andre Nel,,,,,
South Africa,2006,Makhaya Ntini,,,,,
South Africa,2009,Graeme Smith,,,,,
South Africa,2009,Hashim Amla,,,,,
South Africa,2009,Mark Boucher,,,,,
South Africa,2009,AB de Villiers,,,,,
South Africa,2009,Herschelle Gibbs,,,,,
South Africa,2009,Johan Botha,,,,,
South Africa,2009,Jean-Paul Duminy,,,,,
South Africa,2009,Jacques Kallis,,,,,
South Africa,2009,Albie Morkel,,,,,
South Africa,2009,Roelof van der Merwe,,,,,
South Africa,2009,Makhaya Ntini,,,,,
South Africa,2009,Wayne Parnell,,,,,
South Africa,2009,Robin Peterson,,,,,
South Africa,2009,Dale Steyn,,,,,
South Africa,2009,Lonwabo Tsotsobe,,,,,
South Africa,2013,AB de Villiers,,,,,
South Africa,2013,Hashim Amla,,,,,
South Africa,2013,Faf du Plessis,,,,,
South Africa,2013,Colin Ingram,,,,,
South Africa,2013,David Miller,,,,,
South Africa,2013,Alviro Petersen,,,,,
South Africa,2013,Farhaan Behardien,,,,,
South Africa,2013,Jean-Paul Duminy,,,,,
South Africa,2013,Ryan McLaren,,,,,
South Africa,2013,Chris Morris,,,,,
South Africa,2013,Rory Kleinveldt,,,,,
South Africa,2013,Robin Peterson,,,,,
South Africa,2013,Aaron Phangiso,,,,,
South Africa,2013,Dale Steyn,,,,,
South Africa,2013,Lonwabo Tsotsobe,,,,,
South Africa,2017,AB de Villiers,,,,,
South Africa,2017,Hashim Amla,,,,,
South Africa,2017,Quinton de Kock,,,,,
South Africa,2017,Faf du Plessis,,,,,
South Africa,2017,David Miller,,,,,
South Africa,2017,Farhaan Behardien,,,,,
South Africa,2017,Jean-Paul Duminy,,,,,
South Africa,2017,Chris Morris,,,,,
South Africa,2017,Andile Phehlukwayo,,,,,
South Africa,2017,Dwaine Pretorius,,,,,
South Africa,2017,Imran Tahir,,,,,
South Africa,2017,Keshav Maharaj,,,,,
South Africa,2017,Morne Morkel,,,,,
South Africa,2017,Wayne Parnell,,,,,
South Africa,2017,Kagiso Rabada,,,,,
South Africa,2025,Temba Bavuma,,,,,
South Africa,2025,Tony de Zorzi,,,,,
South Africa,2025,Heinrich Klaasen,,,,,
South Africa,2025,David Miller,,,,,
South Africa,2025,Ryan Rickelton,,,,,
South Africa,2025,Tristan Stubbs,,,,,
South Africa,2025,Rassie van der Dussen,,,,,
South Africa,2025,Corbin Bosch,,,,,
South Africa,2025,Marco Jansen,,,,,
South Africa,2025,Aiden Markram,,,,,
South Africa,2025,Wiaan Mulder,,,,,
South Africa,2025,Keshav Maharaj,,,,,
South Africa,2025,Lungi Ngidi,,,,,
South Africa,2025,Kagiso Rabada,,,,,
South Africa,2025,Tabraiz Shamsi,,,,,
Sri Lanka,1998,Sanath Jayasuriya,,,,,
Sri Lanka,1998,Romesh Kaluwitharana,,,,,
Sri Lanka,1998,Marvan Atapattu,,,,,
Sri Lanka,1998,Aravinda de Silva,,,,,
Sri Lanka,1998,Arjuna Ranatunga,,,,,
Sri Lanka,1998,Roshan Mahanama,,,,,
Sri Lanka,1998,Upul Chandana,,,,,
Sri Lanka,1998,Kumar Dharmasena,,,,,
Sri Lanka,1998,Muthiah Muralidaran,,,,,
Sri Lanka,1998,Chaminda Vaas,,,,,
Sri Lanka,1998,Nuwan Zoysa,,,,,
Sri Lanka,2000,Russel Arnold,,,,,
Sri Lanka,2000,Marvan Atapattu,,,,,
Sri Lanka,2000,Avishka Gunawardene,,,,,
Sri Lanka,2000,Mahela Jayawardene,,,,,
Sri Lanka,2000,Romesh Kaluwitharana,,,,,
Sri Lanka,2000,Kumar Sangakkara,,,,,
Sri Lanka,2000,Sanath Jayasuriya,,,,,
Sri Lanka,2000,Kumar Dharmasena,,,,,
Sri Lanka,2000,Upul Chandana,,,,,
Sri Lanka,2000,Muthiah Muralidaran,,,,,
Sri Lanka,2000,Eric Upashantha,,,,,
Sri Lanka,2000,Chaminda Vaas,,,,,
Sri Lanka,2000,Pramodya Wickramasinghe,,,,,
Sri Lanka,2000,Nuwan Zoysa,,,,,
Sri Lanka,2002,Sanath Jayasuriya,,,,,
Sri Lanka,2002,Marvan Atapattu,,,,,
Sri Lanka,2002,Kumar Sangakkara,,,,,
Sri Lanka,2002,Aravinda de Silva,,,,,
Sri Lanka,2002,Mahela Jayawardene,,,,,
Sri Lanka,2002,Russel Arnold,,,,,
Sri Lanka,2002,Upul Chandana,,,,,
Sri Lanka,2002,Chaminda Vaas,,,,,
Sri Lanka,2002,Muthiah Muralidaran,,,,,
Sri Lanka,2002,Dilhara Fernando,,,,,
Sri Lanka,2002,Pulasthi Gunaratne,,,,,
Sri Lanka,2004,Avishka Gunawardene,,,,,
Sri Lanka,2004,Sanath Jayasuriya,,,,,
Sri Lanka,2004,Marvan Atapattu,,,,,
Sri Lanka,2004,Saman Jayantha,,,,,
Sri Lanka,2004,Kumar Sangakkara,,,,,
Sri Lanka,2004,Mahela Jayawardene,,,,,
Sri Lanka,2004,Tillakaratne Dilshan,,,,,
Sri Lanka,2004,Upul Chandana,,,,,
Sri Lanka,2004,Chaminda Vaas,,,,,
Sri Lanka,2004,Farveez Maharoof,,,,,
Sri Lanka,2004,Nuwan Zoysa,,,,,
Sri Lanka,2006,Upul Tharanga,,,,,
Sri Lanka,2006,Sanath Jayasuriya,,,,,
Sri Lanka,2006,Mahela Jayawardene,,,,,
Sri Lanka,2006,Kumar Sangakkara,,,,,
Sri Lanka,2006,Chamara Kapugedera,,,,,
Sri Lanka,2006,Marvan Atapattu,,,,,
Sri Lanka,2006,Tillakaratne Dilshan,,,,,
Sri Lanka,2006,Farveez Maharoof,,,,,
Sri Lanka,2006,Chaminda Vaas,,,,,
Sri Lanka,2006,Muthiah Muralidaran,,,,,
Sri Lanka,2006,Lasith Malinga,,,,,
Sri Lanka,2006,Ruchira Perera,,,,,
Sri Lanka,2006,Dilhara Fernando,,,,,
Sri Lanka,2009,Kumar Sangakkara,,,,,
Sri Lanka,2009,Mahela Jayawardene,,,,,
Sri Lanka,2009,Thilina Kandamby,,,,,
Sri Lanka,2009,Chamara Kapugedera,,,,,
Sri Lanka,2009,Thilan Samaraweera,,,,,
Sri Lanka,2009,Upul Tharanga,,,,,
Sri Lanka,2009,Tillakaratne Dilshan,,,,,
Sri Lanka,2009,Sanath Jayasuriya,,,,,
Sri Lanka,2009,Angelo Mathews,,,,,
Sri Lanka,2009,Nuwan Kulasekara,,,,,
Sri Lanka,2009,Lasith Malinga,,,,,
Sri Lanka,2009,Ajantha Mendis,,,,,
Sri Lanka,2009,Muthiah Muralidaran,,,,,
Sri Lanka,2009,Dhammika Prasad,,,,,
Sri Lanka,2009,Thilan Thushara,,,,,
Sri Lanka,2013,Dinesh Chandimal,,,,,
Sri Lanka,2013,Mahela Jayawardene,,,,,
Sri Lanka,2013,Kusal Perera,,,,,
Sri Lanka,2013,Kumar Sangakkara,,,,,
Sri Lanka,2013,Lahiru Thirimanne,,,,,
Sri Lanka,2013,Angelo Mathews,,,,,
Sri Lanka,2013,Tillakaratne Dilshan,,,,,
Sri Lanka,2013,Jeevan Mendis,,,,,
Sri Lanka,2013,Thisara Perera,,,,,
Sri Lanka,2013,Shaminda Eranga,,,,,
Sri Lanka,2013,Rangana Herath,,,,,
Sri Lanka,2013,Nuwan Kulasekara,,,,,
Sri Lanka,2013,Lasith Malinga,,,,,
Sri Lanka,2013,Sachithra Senanayake,,,,,
Sri Lanka,2013,Dilhara Lokuhettige,,,,,
Sri Lanka,2017,Upul Tharanga,,,,,
Sri Lanka,2017,Dinesh Chandimal,,,,,
Sri Lanka,2017,Niroshan Dickwella,,,,,
Sri Lanka,2017,Asela Gunaratne,,,,,
Sri Lanka,2017,Kusal Mendis,,,,,
Sri Lanka,2017,Angelo Mathews,,,,,
Sri Lanka,2017,Dhananjaya de Silva,,,,,
Sri Lanka,2017,Danushka Gunathilaka,,,,,
Sri Lanka,2017,Thisara Perera,,,,,
Sri Lanka,2017,Seekkuge Prasanna,,,,,
Sri Lanka,2017,Nuwan Pradeep,,,,,
Sri Lanka,2017,Nuwan Kulasekara,,,,,
Sri Lanka,2017,Suranga Lakmal,,,,,
Sri Lanka,2017,Lasith Malinga,,,,,
Sri Lanka,2017,Lakshan Sandakan,,,,,
U.S.A.,2004,Rohan Alexander,,,,,
U.S.A.,2004,Mark Johnson,,,,,
U.S.A.,2004,Leon Romero,,,,,
U.S.A.,2004,Steve Massiah,,,,,
U.S.A.,2004,Richard Staple,,,,,
U.S.A.,2004,Nasir Javed,,,,,
U.S.A.,2004,Clayton Lambert,,,,,
U.S.A.,2004,Donovam Blake,,,,,
U.S.A.,2004,Jignesh Desai,,,,,
U.S.A.,2004,Aijaz Ali,,,,,
U.S.A.,2004,Rashid,,,,,
U.S.A.,2004,Tony Reid,,,,,
U.S.A.,2004,Howard Johnson,,,,,
West Indies,1998,Philo Wallace,,,,,
West Indies,1998,Stuart Williams,,,,,
West Indies,1998,Shivnarine Chanderpaul,,,,,
West Indies,1998,Brian Lara,,,,,
West Indies,1998,Carl Hooper,,,,,
West Indies,1998,Keith Arthurton,,,,,
West Indies,1998,Phil Simmons,,,,,
West Indies,1998,Ridley Jacobs,,,,,
West Indies,1998,Rawl Lewis,,,,,
West Indies,1998,Nixon McLean,,,,,
West Indies,1998,Mervyn Dillon,,,,,
West Indies,1998,Reon King,,,,,
West Indies,2000,Courtney Browne,,,,,
West Indies,2000,Sherwin Campbell,,,,,
West Indies,2000,Wavell Hinds,,,,,
West Indies,2000,Brian Lara,,,,,
West Indies,2000,Marlon Samuels,,,,,
West Indies,2000,Jimmy Adams,,,,,
West Indies,2000,Mahendra Nagamootoo,,,,,
West Indies,2000,Mervyn Dillon,,,,,
West Indies,2000,Kerry Jeremy,,,,,
West Indies,2000,Nixon McLean,,,,,
West Indies,2000,Azeemul Haniff,,,,,
West Indies,2000,Sylvester Joseph,,,,,
West Indies,2000,Colin Stuart,,,,,
West Indies,2000,Laurie Williams,,,,,
West Indies,2002,Chris Gayle,,,,,
West Indies,2002,Shivnarine Chanderpaul,,,,,
West Indies,2002,Brian Lara,,,,,
West Indies,2002,Carl Hooper,,,,,
West Indies,2002,Ramnaresh Sarwan,,,,,
West Indies,2002,Wavell Hinds,,,,,
West Indies,2002,Ridley Jacobs,,,,,
West Indies,2002,Mahendra Nagamootoo,,,,,
West Indies,2002,Vasbert Drakes,,,,,
West Indies,2002,Mervyn Dillon,,,,,
West Indies,2002,Pedro Collins,,,,,
West Indies,2004,Chris Gayle,,,,,
West Indies,2004,Wavell Hinds,,,,,
West Indies,2004,Ramnaresh Sarwan,,,,,
West Indies,2004,Brian Lara,,,,,
West Indies,2004,Ricardo Powell,,,,,
West Indies,2004,Shivnarine Chanderpaul,,,,,
West Indies,2004,Sylvester Joseph,,,,,
West Indies,2004,Dwayne Bravo,,,,,
West Indies,2004,Courtney Browne,,,,,
West Indies,2004,Mervyn Dillon,,,,,
West Indies,2004,Ian Bradshaw,,,,,
West Indies,2004,Daren Sammy,,,,,
West Indies,2004,Ryan Hinds,,,,,
West Indies,2004,Corey Collymore,,,,,
West Indies,2006,Chris Gayle,,,,,
West Indies,2006,Shivnarine Chanderpaul,,,,,
West Indies,2006,Brian Lara,,,,,
West Indies,2006,Runako Morton,,,,,
West Indies,2006,Marlon Samuels,,,,,
West Indies,2006,Ramnaresh Sarwan,,,,,
West Indies,2006,Dwayne Bravo,,,,,
West Indies,2006,Dwayne Smith,,,,,
West Indies,2006,Wavell Hinds,,,,,
West Indies,2006,Carlton Baugh,,,,,
West Indies,2006,Jerome Taylor,,,,,
West Indies,2006,Ian Bradshaw,,,,,
West Indies,2006,Corey Collymore,,,,,
West Indies,2006,Fidel Edwards,,,,,
West Indies,2009,Floyd Reifer,,,,,
West Indies,2009,Royston Crandon,,,,,
West Indies,2009,Travis Dowlin,,,,,
West Indies,2009,Andre Fletcher,,,,,
West Indies,2009,Kieran Powell,,,,,
West Indies,2009,Dale Richards,,,,,
West Indies,2009,Devon Smith,,,,,
West Indies,2009,Chadwick Walton,,,,,
West Indies,2009,Daren Sammy,,,,,
West Indies,2009,Tino Best,,,,,
West Indies,2009,Nikita Miller,,,,,
West Indies,2009,Kemar Roach,,,,,
West Indies,2009,Gavin Tonge,,,,,
West Indies,2009,David Bernard,,,,,
West Indies,2009,Kevin McClean,,,,,
West Indies,2013,Denesh Ramdin,,,,,
West Indies,2013,Darren Bravo,,,,,
West Indies,2013,Johnson Charles,,,,,
West Indies,2013,Marlon Samuels,,,,,
West Indies,2013,Ramnaresh Sarwan,,,,,
West Indies,2013,Devon Smith,,,,,
West Indies,2013,Dwayne Bravo,,,,,
West Indies,2013,Chris Gayle,,,,,
West Indies,2013,Jason Holder,,,,,
West Indies,2013,Sunil Narine,,,,,
West Indies,2013,Kieron Pollard,,,,,
West Indies,2013,Daren Sammy,,,,,
West Indies,2013,Tino Best,,,,,
West Indies,2013,Ravi Rampaul,,,,,
West Indies,2013,Kemar Roach,,,,,
Zimbabwe,1998,Alistair Campbell,,,,,
Zimbabwe,1998,Grant Flower,,,,,
Zimbabwe,1998,Neil Johnson,,,,,
Zimbabwe,1998,Murray Goodwin,,,,,
Zimbabwe,1998,Andy Flower,,,,,
Zimbabwe,1998,Craig Evans,,,,,
Zimbabwe,1998,Craig Wishart,,,,,
Zimbabwe,1998,Heath Streak,,,,,
Zimbabwe,1998,Paul Strang,,,,,
Zimbabwe,1998,Andy Whittall,,,,,
Zimbabwe,1998,Henry Olonga,,,,,
Zimbabwe,2000,Alistair Campbell,,,,,
Zimbabwe,2000,Andy Flower,,,,,
Zimbabwe,2000,Gavin Rennie,,,,,
Zimbabwe,2000,Mark Vermeulen,,,,,
Zimbabwe,2000,Craig Wishart,,,,,
Zimbabwe,2000,Heath Streak,,,,,
Zimbabwe,2000,Grant Flower,,,,,
Zimbabwe,2000,Dirk Viljoen,,,,,
Zimbabwe,2000,Guy Whittall,,,,,
Zimbabwe,2000,Pommie Mbangwa,,,,,
Zimbabwe,2000,Mluleki Nkala,,,,,
Zimbabwe,2000,Henry Olonga,,,,,
Zimbabwe,2000,Paul Strang,,,,,
Zimbabwe,2002,Alistair Campbell,,,,,
Zimbabwe,2002,Dion Ebrahim,,,,,
Zimbabwe,2002,Andy Flower,,,,,
Zimbabwe,2002,Grant Flower,,,,,
Zimbabwe,2002,Stuart Carlisle,,,,,
Zimbabwe,2002,Guy Whittall,,,,,
Zimbabwe,2002,Dougie Marillier,,,,,
Zimbabwe,2002,Sean Ervine,,,,,
Zimbabwe,2002,Heath Streak,,,,,
Zimbabwe,2002,Douglas Hondo,,,,,
Zimbabwe,2002,Pommie Mbangwa,,,,,
Zimbabwe,2002,Ray Price,,,,,
Zimbabwe,2004,Stuart Matsikenyeri,,,,,
Zimbabwe,2004,Brendan Taylor,,,,,
Zimbabwe,2004,Vusi Sibanda,,,,,
Zimbabwe,2004,Dion Ebrahim,,,,,
Zimbabwe,2004,Mark Vermeulen,,,,,
Zimbabwe,2004,Tatenda Taibu,,,,,
Zimbabwe,2004,Elton Chigumbura,,,,,
Zimbabwe,2004,Tinashe Panyangara,,,,,
Zimbabwe,2004,Prosper Utseya,,,,,
Zimbabwe,2004,Douglas Hondo,,,,,
Zimbabwe,2004,Ed Rainsford,,,,,
Zimbabwe,2006,Tafadzwa Mufambisi,,,,,
Zimbabwe,2006,Chamu Chibhabha,,,,,
Zimbabwe,2006,Hamilton Masakadza,,,,,
Zimbabwe,2006,Tawanda Mupariwa,,,,,
Zimbabwe,2006,Brendan Taylor,,,,,
Zimbabwe,2006,Stuart Matsikenyeri,,,,,
Zimbabwe,2006,Elton Chigumbura,,,,,
Zimbabwe,2006,Piet Rinke,,,,,
Zimbabwe,2006,Prosper Utseya,,,,,
Zimbabwe,2006,Anthony Ireland,,,,,
Zimbabwe,2006,Ed Rainsford,,,,,
Zimbabwe,2006,Tafadzwa Kamungozi,,,,,
